GCA,0.010100892,0.005050448,0.002550937,0.107501748,8.33E-15,0.005050522,0.019801927,0.007352855,0.068181258,0.015151516,0.005050313,0.014851401,0.004950468,0.014999861,0.002499806,0.042928962,0.044558403,0.025252235,0.048472035,0.017156722,0.012886693,0.012376134,0.024509666,0.04846898,0.017856767,0.052631246,0.010100953,0.009999871,0.024271697,0.039603272,0.027777501,0.009900948,0.018041038,0.027777658,0.084185662,0.019802085,0.037499772,0.061884873,0.012624653,0.012499938,0.017326548,0.042499626,0.051981978,0.017856972,0.022500049,0.009999803,0.020201914,0.027499776,0.015151413,0.032180477
GCC,0.010100892,0.005050448,0.002550937,0.107501748,8.33E-15,0.005050522,0.019801927,0.007352855,0.068181258,0.015151516,0.005050313,0.014851401,0.004950468,0.014999861,0.002499806,0.042928962,0.044558403,0.025252235,0.048472035,0.017156722,0.012886693,0.012376134,0.024509666,0.04846898,0.017856767,0.052631246,0.010100953,0.009999871,0.024271697,0.039603272,0.027777501,0.009900948,0.018041038,0.027777658,0.084185662,0.019802085,0.037499772,0.061884873,0.012624653,0.012499938,0.017326548,0.042499626,0.051981978,0.017856972,0.022500049,0.009999803,0.020201914,0.027499776,0.015151413,0.032180477
GCG,0.010100892,0.005050448,0.002550937,0.107501748,8.33E-15,0.005050522,0.019801927,0.007352855,0.068181258,0.015151516,0.005050313,0.014851401,0.004950468,0.014999861,0.002499806,0.042928962,0.044558403,0.025252235,0.048472035,0.017156722,0.012886693,0.012376134,0.024509666,0.04846898,0.017856767,0.052631246,0.010100953,0.009999871,0.024271697,0.039603272,0.027777501,0.009900948,0.018041038,0.027777658,0.084185662,0.019802085,0.037499772,0.061884873,0.012624653,0.012499938,0.017326548,0.042499626,0.051981978,0.017856972,0.022500049,0.009999803,0.020201914,0.027499776,0.015151413,0.032180477
GCT,0.010100892,0.005050448,0.002550937,0.107501748,8.33E-15,0.005050522,0.019801927,0.007352855,0.068181258,0.015151516,0.005050313,0.014851401,0.004950468,0.014999861,0.002499806,0.042928962,0.044558403,0.025252235,0.048472035,0.017156722,0.012886693,0.012376134,0.024509666,0.04846898,0.017856767,0.052631246,0.010100953,0.009999871,0.024271697,0.039603272,0.027777501,0.009900948,0.018041038,0.027777658,0.084185662,0.019802085,0.037499772,0.061884873,0.012624653,0.012499938,0.017326548,0.042499626,0.051981978,0.017856972,0.022500049,0.009999803,0.020201914,0.027499776,0.015151413,0.032180477
TGC,1.84E-15,2.46E-15,3.35E-15,0.009999963,0.005101893,1.64E-15,0.004950428,0.004901899,0.005050366,1.67E-15,0.005049106,0.004950548,0.004950599,1.61E-15,0.004999833,1.59E-15,0.004950003,0.005050291,0.005101784,0.004901717,0.005155207,0.004950334,1.03E-15,1.60E-15,1.63E-15,1.59E-15,0.005050457,0.004999866,0.004854755,0.009900718,1.59E-15,0.004950738,1.55E-15,1.12E-15,0.02040756,1.63E-15,0.014999973,0.099009103,0.010101049,0.005000195,0.004950365,1.50E-15,1.58E-15,1.31E-15,1.59E-15,0.004999415,1.58E-15,1.58E-15,0.010100914,0.00495041
TGT,1.84E-15,2.46E-15,3.35E-15,0.009999963,0.005101893,1.64E-15,0.004950428,0.004901899,0.005050366,1.67E-15,0.005049106,0.004950548,0.004950599,1.61E-15,0.004999833,1.59E-15,0.004950003,0.005050291,0.005101784,0.004901717,0.005155207,0.004950334,1.03E-15,1.60E-15,1.63E-15,1.59E-15,0.005050457,0.004999866,0.004854755,0.009900718,1.59E-15,0.004950738,1.55E-15,1.12E-15,0.02040756,1.63E-15,0.014999973,0.099009103,0.010101049,0.005000195,0.004950365,1.50E-15,1.58E-15,1.31E-15,1.59E-15,0.004999415,1.58E-15,1.58E-15,0.010100914,0.00495041
GAC,0.055554995,8.40E-15,8.40E-15,0.004999636,2.20E-15,0.196970264,0.009900864,0.004901899,0.005050301,0.151514158,4.18E-15,0.004950547,0.004950599,0.080003642,2.75E-15,0.005050097,0.014851153,0.010100845,0.010203862,0.044117195,0.092782078,0.004950336,0.034313528,0.056122312,0.061223909,0.073683459,0.005050445,0.004999866,0.02912656,0.004950163,0.015151453,0.019801944,0.02061827,0.020201797,1.92E-15,0.049504686,2.72E-15,1.27E-15,0.005050841,0.005000187,0.019801754,0.044999521,0.024752284,0.010204388,0.034999911,2.00E-15,0.111110597,0.039999573,0.005050445,0.029702675
GAT,0.055554995,8.40E-15,8.40E-15,0.004999636,2.20E-15,0.196970264,0.009900864,0.004901899,0.005050301,0.151514158,4.18E-15,0.004950547,0.004950599,0.080003642,2.75E-15,0.005050097,0.014851153,0.010100845,0.010203862,0.044117195,0.092782078,0.004950336,0.034313528,0.056122312,0.061223909,0.073683459,0.005050445,0.004999866,0.02912656,0.004950163,0.015151453,0.019801944,0.02061827,0.020201797,1.92E-15,0.049504686,2.72E-15,1.27E-15,0.005050841,0.005000187,0.019801754,0.044999521,0.024752284,0.010204388,0.034999911,2.00E-15,0.111110597,0.039999573,0.005050445,0.029702675
GAA,0.025252236,8.40E-15,8.40E-15,0.004999838,8.25E-15,0.040404061,0.004950425,0.009803748,0.005050371,0.191918583,4.20E-15,0.009900951,0.004950599,0.079999317,4.23E-15,0.010100882,0.029702521,0.015151348,0.020407869,0.014705668,0.082473787,0.014851314,0.093136956,0.096937962,0.10204016,0.121055879,0.020201876,0.019999743,0.014563209,0.004950134,0.030302684,0.019801944,0.046391272,0.065655944,0.005101153,0.138613998,4.07E-15,1.95E-15,0.005050841,0.019999921,0.014851292,0.044999521,0.079207279,0.056121772,0.059999292,2.77E-15,0.09090849,0.03499967,0.010100897,0.05445445
GAG,0.025252236,8.40E-15,8.40E-15,0.004999838,8.25E-15,0.040404061,0.004950425,0.009803748,0.005050371,0.191918583,4.20E-15,0.009900951,0.004950599,0.079999317,4.23E-15,0.010100882,0.029702521,0.015151348,0.020407869,0.014705668,0.082473787,0.014851314,0.093136956,0.096937962,0.10204016,0.121055879,0.020201876,0.019999743,0.014563209,0.004950134,0.030302684,0.019801944,0.046391272,0.065655944,0.005101153,0.138613998,4.07E-15,1.95E-15,0.005050841,0.019999921,0.014851292,0.044999521,0.079207279,0.056121772,0.059999292,2.77E-15,0.09090849,0.03499967,0.010100897,0.05445445
TTC,8.15E-15,0.005051733,0.015305829,3.92E-15,0.209182547,4.02E-15,1.38E-15,1.26E-15,1.69E-15,8.20E-15,0.020201705,0.004950548,0.064355904,2.02E-15,0.149994975,1.65E-15,0.004950006,0.005050295,1.45E-15,1.38E-15,0.010309465,0.009900855,0.004902335,1.59E-15,2.19E-15,2.13E-15,0.01010091,0.039999658,0.058252122,0.01485118,1.94E-15,0.004950738,1.60E-15,0.005050837,1.52E-15,1.73E-15,0.010000051,0.009900688,0.111107238,0.005000195,0.009900893,1.78E-15,1.79E-15,1.39E-15,2.00E-15,0.074999433,2.08E-15,2.27E-15,0.025252292,0.014851285
TTT,8.15E-15,0.005051733,0.015305829,3.92E-15,0.209182547,4.02E-15,1.38E-15,1.26E-15,1.69E-15,8.20E-15,0.020201705,0.004950548,0.064355904,2.02E-15,0.149994975,1.65E-15,0.004950006,0.005050295,1.45E-15,1.38E-15,0.010309465,0.009900855,0.004902335,1.59E-15,2.19E-15,2.13E-15,0.01010091,0.039999658,0.058252122,0.01485118,1.94E-15,0.004950738,1.60E-15,0.005050837,1.52E-15,1.73E-15,0.010000051,0.009900688,0.111107238,0.005000195,0.009900893,1.78E-15,1.79E-15,1.39E-15,2.00E-15,0.074999433,2.08E-15,2.27E-15,0.025252292,0.014851285
GGA,0.116162858,6.88E-15,7.10E-15,0.019999707,5.25E-15,0.015151471,0.007425708,0.004901884,0.141415447,0.007575736,4.43E-15,0.002475273,0.002475306,0.009999909,3.13E-15,0.007575644,0.007425574,0.002525147,0.033163523,0.019607654,0.005154737,0.002475134,0.002451158,0.005101911,0.007652976,0.01315777,1.36E-15,0.002499932,0.016990135,0.014851223,0.005050481,0.007425733,0.005154517,0.007575688,0.007652819,0.004950522,0.002500381,0.012376051,0.002525475,0.002500094,0.009900878,0.039999639,0.007425736,0.002551187,0.012500093,1.69E-15,0.01262623,0.012499828,0.00252524,0.009900892
GGC,0.116162858,6.88E-15,7.10E-15,0.019999707,5.25E-15,0.015151471,0.007425708,0.004901884,0.141415447,0.007575736,4.43E-15,0.002475273,0.002475306,0.009999909,3.13E-15,0.007575644,0.007425574,0.002525147,0.033163523,0.019607654,0.005154737,0.002475134,0.002451158,0.005101911,0.007652976,0.01315777,1.36E-15,0.002499932,0.016990135,0.014851223,0.005050481,0.007425733,0.005154517,0.007575688,0.007652819,0.004950522,0.002500381,0.012376051,0.002525475,0.002500094,0.009900878,0.039999639,0.007425736,0.002551187,0.012500093,1.69E-15,0.01262623,0.012499828,0.00252524,0.009900892
GGG,0.116162858,6.88E-15,7.10E-15,0.019999707,5.25E-15,0.015151471,0.007425708,0.004901884,0.141415447,0.007575736,4.43E-15,0.002475273,0.002475306,0.009999909,3.13E-15,0.007575644,0.007425574,0.002525147,0.033163523,0.019607654,0.005154737,0.002475134,0.002451158,0.005101911,0.007652976,0.01315777,1.36E-15,0.002499932,0.016990135,0.014851223,0.005050481,0.007425733,0.005154517,0.007575688,0.007652819,0.004950522,0.002500381,0.012376051,0.002525475,0.002500094,0.009900878,0.039999639,0.007425736,0.002551187,0.012500093,1.69E-15,0.01262623,0.012499828,0.00252524,0.009900892
GGT,0.116162858,6.88E-15,7.10E-15,0.019999707,5.25E-15,0.015151471,0.007425708,0.004901884,0.141415447,0.007575736,4.43E-15,0.002475273,0.002475306,0.009999909,3.13E-15,0.007575644,0.007425574,0.002525147,0.033163523,0.019607654,0.005154737,0.002475134,0.002451158,0.005101911,0.007652976,0.01315777,1.36E-15,0.002499932,0.016990135,0.014851223,0.005050481,0.007425733,0.005154517,0.007575688,0.007652819,0.004950522,0.002500381,0.012376051,0.002525475,0.002500094,0.009900878,0.039999639,0.007425736,0.002551187,0.012500093,1.69E-15,0.01262623,0.012499828,0.00252524,0.009900892
CAC,0.010100457,8.35E-15,7.85E-15,1.39E-15,0.010203867,0.015151393,0.004950424,0.014705875,2.11E-15,0.005051572,1.93E-15,0.004950548,0.123761493,0.014999872,3.84E-15,0.005050099,0.009900674,0.005050296,0.010203898,0.019607599,0.02061858,0.009900843,0.009804025,0.005101618,0.005101676,0.005263123,0.010100908,0.049999556,0.038834687,0.004950162,0.010100961,0.103960771,0.015463719,0.015151307,4.19E-15,0.009901043,2.76E-15,0.004950298,0.020202444,0.010000083,0.019801754,0.004999572,0.004950444,0.015306106,0.015000362,0.004999419,0.005051206,0.00499983,0.035353264,0.039603651
CAT,0.010100457,8.35E-15,7.85E-15,1.39E-15,0.010203867,0.015151393,0.004950424,0.014705875,2.11E-15,0.005051572,1.93E-15,0.004950548,0.123761493,0.014999872,3.84E-15,0.005050099,0.009900674,0.005050296,0.010203898,0.019607599,0.02061858,0.009900843,0.009804025,0.005101618,0.005101676,0.005263123,0.010100908,0.049999556,0.038834687,0.004950162,0.010100961,0.103960771,0.015463719,0.015151307,4.19E-15,0.009901043,2.76E-15,0.004950298,0.020202444,0.010000083,0.019801754,0.004999572,0.004950444,0.015306106,0.015000362,0.004999419,0.005051206,0.00499983,0.035353264,0.039603651
ATA,2.67E-15,0.138046186,0.108842881,3.14E-15,0.003400866,2.55E-15,0.003300265,0.003267932,2.33E-15,2.78E-15,0.047137867,0.062706077,0.003300414,1.80E-15,0.023333626,0.003366798,0.013201081,0.030302642,1.47E-15,0.003267811,0.010309338,0.016501532,0.022875715,0.003401031,1.89E-15,1.90E-15,0.063972544,0.013333162,0.003236503,0.019801626,0.003366961,0.003300496,0.003436249,0.006734001,0.02040757,0.003300457,0.063332871,0.003299671,0.013467957,0.033333103,0.006600564,0.003333048,0.0033003,0.006802775,1.83E-15,0.066671553,1.83E-15,1.86E-15,0.020201873,0.003300273
ATC,2.67E-15,0.138046186,0.108842881,3.14E-15,0.003400866,2.55E-15,0.003300265,0.003267932,2.33E-15,2.78E-15,0.047137867,0.062706077,0.003300414,1.80E-15,0.023333626,0.003366798,0.013201081,0.030302642,1.47E-15,0.003267811,0.010309338,0.016501532,0.022875715,0.003401031,1.89E-15,1.90E-15,0.063972544,0.013333162,0.003236503,0.019801626,0.003366961,0.003300496,0.003436249,0.006734001,0.02040757,0.003300457,0.063332871,0.003299671,0.013467957,0.033333103,0.006600564,0.003333048,0.0033003,0.006802775,1.83E-15,0.066671553,1.83E-15,1.86E-15,0.020201873,0.003300273
ATT,2.67E-15,0.138046186,0.108842881,3.14E-15,0.003400866,2.55E-15,0.003300265,0.003267932,2.33E-15,2.78E-15,0.047137867,0.062706077,0.003300414,1.80E-15,0.023333626,0.003366798,0.013201081,0.030302642,1.47E-15,0.003267811,0.010309338,0.016501532,0.022875715,0.003401031,1.89E-15,1.90E-15,0.063972544,0.013333162,0.003236503,0.019801626,0.003366961,0.003300496,0.003436249,0.006734001,0.02040757,0.003300457,0.063332871,0.003299671,0.013467957,0.033333103,0.006600564,0.003333048,0.0033003,0.006802775,1.83E-15,0.066671553,1.83E-15,1.86E-15,0.020201873,0.003300273
AAA,0.025252226,3.94E-15,3.94E-15,1.37E-15,8.30E-15,0.010100981,0.004950425,0.156861715,2.10E-15,0.015151475,2.46E-15,0.004950548,0.004950599,0.059999546,4.04E-15,0.010100882,0.02475207,0.010100842,0.051019427,0.019607611,0.02061858,0.054454814,0.034313558,0.015305335,0.056122011,0.021052431,0.0202019,0.039999658,0.009708907,0.004950121,0.065655927,0.034653224,0.067009716,0.030302875,2.67E-15,0.059405611,3.99E-15,1.33E-15,0.00505085,0.075000964,0.044553987,0.014999824,0.06435586,0.102041209,0.094994828,1.98E-15,0.015151557,0.02499989,0.015151317,0.019801785
AAG,0.025252226,3.94E-15,3.94E-15,1.37E-15,8.30E-15,0.010100981,0.004950425,0.156861715,2.10E-15,0.015151475,2.46E-15,0.004950548,0.004950599,0.059999546,4.04E-15,0.010100882,0.02475207,0.010100842,0.051019427,0.019607611,0.02061858,0.054454814,0.034313558,0.015305335,0.056122011,0.021052431,0.0202019,0.039999658,0.009708907,0.004950121,0.065655927,0.034653224,0.067009716,0.030302875,2.67E-15,0.059405611,3.99E-15,1.33E-15,0.00505085,0.075000964,0.044553987,0.014999824,0.06435586,0.102041209,0.094994828,1.98E-15,0.015151557,0.02499989,0.015151317,0.019801785
CTA,4.63E-15,0.013467714,0.062925845,4.32E-15,0.00510192,4.63E-15,0.001650116,0.003267921,0.001683461,3.93E-15,0.079126364,0.013201101,0.004950438,0.001666658,0.070001656,0.003366945,0.006600554,0.018518245,0.003401283,0.001633906,0.008591001,0.037955472,0.00816991,0.003401291,0.001700559,0.001754374,0.037038208,0.018334982,0.004854405,0.028055352,0.005050488,0.003300349,0.001718125,0.020201948,0.005101879,0.003300348,0.024999849,0.004950391,0.016834424,0.011666535,0.011551041,0.001666524,0.003300295,0.0068027,0.001667182,0.031666429,0.001683737,0.001666614,0.016834872,0.008250766
CTC,4.63E-15,0.013467714,0.062925845,4.32E-15,0.00510192,4.63E-15,0.001650116,0.003267921,0.001683461,3.93E-15,0.079126364,0.013201101,0.004950438,0.001666658,0.070001656,0.003366945,0.006600554,0.018518245,0.003401283,0.001633906,0.008591001,0.037955472,0.00816991,0.003401291,0.001700559,0.001754374,0.037038208,0.018334982,0.004854405,0.028055352,0.005050488,0.003300349,0.001718125,0.020201948,0.005101879,0.003300348,0.024999849,0.004950391,0.016834424,0.011666535,0.011551041,0.001666524,0.003300295,0.0068027,0.001667182,0.031666429,0.001683737,0.001666614,0.016834872,0.008250766
CTG,4.63E-15,0.013467714,0.062925845,4.32E-15,0.00510192,4.63E-15,0.001650116,0.003267921,0.001683461,3.93E-15,0.079126364,0.013201101,0.004950438,0.001666658,0.070001656,0.003366945,0.006600554,0.018518245,0.003401283,0.001633906,0.008591001,0.037955472,0.00816991,0.003401291,0.001700559,0.001754374,0.037038208,0.018334982,0.004854405,0.028055352,0.005050488,0.003300349,0.001718125,0.020201948,0.005101879,0.003300348,0.024999849,0.004950391,0.016834424,0.011666535,0.011551041,0.001666524,0.003300295,0.0068027,0.001667182,0.031666429,0.001683737,0.001666614,0.016834872,0.008250766
CTT,4.63E-15,0.013467714,0.062925845,4.32E-15,0.00510192,4.63E-15,0.001650116,0.003267921,0.001683461,3.93E-15,0.079126364,0.013201101,0.004950438,0.001666658,0.070001656,0.003366945,0.006600554,0.018518245,0.003401283,0.001633906,0.008591001,0.037955472,0.00816991,0.003401291,0.001700559,0.001754374,0.037038208,0.018334982,0.004854405,0.028055352,0.005050488,0.003300349,0.001718125,0.020201948,0.005101879,0.003300348,0.024999849,0.004950391,0.016834424,0.011666535,0.011551041,0.001666524,0.003300295,0.0068027,0.001667182,0.031666429,0.001683737,0.001666614,0.016834872,0.008250766
TTA,4.63E-15,0.013467714,0.062925845,4.32E-15,0.00510192,4.63E-15,0.001650116,0.003267921,0.001683461,3.93E-15,0.079126364,0.013201101,0.004950438,0.001666658,0.070001656,0.003366945,0.006600554,0.018518245,0.003401283,0.001633906,0.008591001,0.037955472,0.00816991,0.003401291,0.001700559,0.001754374,0.037038208,0.018334982,0.004854405,0.028055352,0.005050488,0.003300349,0.001718125,0.020201948,0.005101879,0.003300348,0.024999849,0.004950391,0.016834424,0.011666535,0.011551041,0.001666524,0.003300295,0.0068027,0.001667182,0.031666429,0.001683737,0.001666614,0.016834872,0.008250766
TTG,4.63E-15,0.013467714,0.062925845,4.32E-15,0.00510192,4.63E-15,0.001650116,0.003267921,0.001683461,3.93E-15,0.079126364,0.013201101,0.004950438,0.001666658,0.070001656,0.003366945,0.006600554,0.018518245,0.003401283,0.001633906,0.008591001,0.037955472,0.00816991,0.003401291,0.001700559,0.001754374,0.037038208,0.018334982,0.004854405,0.028055352,0.005050488,0.003300349,0.001718125,0.020201948,0.005101879,0.003300348,0.024999849,0.004950391,0.016834424,0.011666535,0.011551041,0.001666524,0.003300295,0.0068027,0.001667182,0.031666429,0.001683737,0.001666614,0.016834872,0.008250766
ATG,2.76E-15,0.020201972,0.040817002,4.14E-15,0.010203014,2.81E-15,0.009900913,0.009803795,2.82E-15,2.78E-15,0.191921009,0.039603657,0.009901212,1.56E-15,0.069999953,1.02E-15,0.01980135,0.020201682,0.010203593,0.009803436,0.020618935,0.099008725,0.009804673,1.02E-15,1.58E-15,1.64E-15,0.040403462,0.029999585,0.00970953,0.099009163,9.38E-16,0.009901485,0.010308748,0.050504579,0.020407314,0.009903188,0.029999945,0.01980137,0.030303187,0.020000102,0.039603505,1.01E-15,9.46E-16,0.01020468,1.48E-15,0.03999921,1.63E-15,1.62E-15,0.040403431,0.009900819
AAC,0.065656066,3.71E-15,3.82E-15,0.004999636,2.22E-15,0.131312228,0.029702616,0.014705876,0.005050292,0.020201924,2.01E-15,0.009900936,0.01980203,0.069999344,2.70E-15,0.005050101,0.019801615,0.005050295,0.020407871,0.102940291,0.046391772,0.009900844,0.009804059,0.010203717,0.015305817,0.015789325,0.005050448,0.009999858,0.038834688,0.009900716,0.010100961,0.079207458,0.036082076,0.015151308,2.65E-15,0.019801896,1.97E-15,0.009900699,0.00505085,0.010000083,0.044553962,0.029999574,0.01485128,0.010204388,0.035000078,1.50E-15,0.04040382,0.02499989,0.030302698,0.014851285
AAT,0.065656066,3.71E-15,3.82E-15,0.004999636,2.22E-15,0.131312228,0.029702616,0.014705876,0.005050292,0.020201924,2.01E-15,0.009900936,0.01980203,0.069999344,2.70E-15,0.005050101,0.019801615,0.005050295,0.020407871,0.102940291,0.046391772,0.009900844,0.009804059,0.010203717,0.015305817,0.015789325,0.005050448,0.009999858,0.038834688,0.009900716,0.010100961,0.079207458,0.036082076,0.015151308,2.65E-15,0.019801896,1.97E-15,0.009900699,0.00505085,0.010000083,0.044553962,0.029999574,0.01485128,0.010204388,0.035000078,1.50E-15,0.04040382,0.02499989,0.030302698,0.014851285
CCA,0.002525408,2.80E-15,2.65E-15,0.004999926,6.30E-15,0.00252532,0.004950432,0.002450949,0.002525195,0.002525284,1.74E-15,0.002475273,1.29E-15,0.00249998,2.63E-15,0.12626448,0.007425576,0.063133864,0.002550894,0.002450859,0.002577605,0.002475169,0.002451157,0.056125311,0.053574017,0.002631561,0.002525227,0.002499932,0.007281594,0.002475081,0.065658443,0.002475372,0.002577187,0.002525347,0.002550314,1.29E-15,0.002500381,0.002475008,0.002525475,0.002500094,0.029705431,0.010000028,0.004950446,0.002551188,0.00250077,1.34E-15,0.010101004,0.077501844,0.002525222,0.004950435
CCC,0.002525408,2.80E-15,2.65E-15,0.004999926,6.30E-15,0.00252532,0.004950432,0.002450949,0.002525195,0.002525284,1.74E-15,0.002475273,1.29E-15,0.00249998,2.63E-15,0.12626448,0.007425576,0.063133864,0.002550894,0.002450859,0.002577605,0.002475169,0.002451157,0.056125311,0.053574017,0.002631561,0.002525227,0.002499932,0.007281594,0.002475081,0.065658443,0.002475372,0.002577187,0.002525347,0.002550314,1.29E-15,0.002500381,0.002475008,0.002525475,0.002500094,0.029705431,0.010000028,0.004950446,0.002551188,0.00250077,1.34E-15,0.010101004,0.077501844,0.002525222,0.004950435
CCG,0.002525408,2.80E-15,2.65E-15,0.004999926,6.30E-15,0.00252532,0.004950432,0.002450949,0.002525195,0.002525284,1.74E-15,0.002475273,1.29E-15,0.00249998,2.63E-15,0.12626448,0.007425576,0.063133864,0.002550894,0.002450859,0.002577605,0.002475169,0.002451157,0.056125311,0.053574017,0.002631561,0.002525227,0.002499932,0.007281594,0.002475081,0.065658443,0.002475372,0.002577187,0.002525347,0.002550314,1.29E-15,0.002500381,0.002475008,0.002525475,0.002500094,0.029705431,0.010000028,0.004950446,0.002551188,0.00250077,1.34E-15,0.010101004,0.077501844,0.002525222,0.004950435
CCT,0.002525408,2.80E-15,2.65E-15,0.004999926,6.30E-15,0.00252532,0.004950432,0.002450949,0.002525195,0.002525284,1.74E-15,0.002475273,1.29E-15,0.00249998,2.63E-15,0.12626448,0.007425576,0.063133864,0.002550894,0.002450859,0.002577605,0.002475169,0.002451157,0.056125311,0.053574017,0.002631561,0.002525227,0.002499932,0.007281594,0.002475081,0.065658443,0.002475372,0.002577187,0.002525347,0.002550314,1.29E-15,0.002500381,0.002475008,0.002525475,0.002500094,0.029705431,0.010000028,0.004950446,0.002551188,0.00250077,1.34E-15,0.010101004,0.077501844,0.002525222,0.004950435
CAA,0.015151294,8.30E-15,7.80E-15,0.00499984,2.83E-15,0.010100984,0.004950424,0.039215451,2.82E-15,0.030302615,0.005049329,0.009900951,0.014851437,0.044999624,7.65E-15,0.010100835,0.019801616,0.015151348,0.0306118,0.014705668,0.025772921,0.044553841,0.044117366,0.015306335,0.035713925,0.036841787,0.025252167,0.034999736,0.009708906,0.014851181,0.030302655,0.054455032,0.041236676,0.07575992,2.81E-15,0.079207439,4.13E-15,0.004950306,0.005050876,0.029999952,0.034653098,0.024999714,0.049504565,0.081632121,0.059999292,0.0049994,0.020202008,0.014999829,0.025252259,0.044554168
CAG,0.015151294,8.30E-15,7.80E-15,0.00499984,2.83E-15,0.010100984,0.004950424,0.039215451,2.82E-15,0.030302615,0.005049329,0.009900951,0.014851437,0.044999624,7.65E-15,0.010100835,0.019801616,0.015151348,0.0306118,0.014705668,0.025772921,0.044553841,0.044117366,0.015306335,0.035713925,0.036841787,0.025252167,0.034999736,0.009708906,0.014851181,0.030302655,0.054455032,0.041236676,0.07575992,2.81E-15,0.079207439,4.13E-15,0.004950306,0.005050876,0.029999952,0.034653098,0.024999714,0.049504565,0.081632121,0.059999292,0.0049994,0.020202008,0.014999829,0.025252259,0.044554168
AGA,0.005050431,5.40E-15,5.40E-15,0.001666614,5.13E-15,0.001683596,0.001650116,0.055556392,1.70E-15,0.001683767,2.45E-15,0.001650182,0.004950438,0.00999991,4.32E-15,0.003366945,0.006600517,0.003366947,0.020407679,0.004901889,0.005154671,0.019801747,0.006535935,0.001700528,0.005101931,0.005263107,0.006733911,0.018333173,0.003236302,0.003300239,0.018518323,0.016501534,0.015463758,0.011784383,1.67E-15,0.009900832,1.64E-15,0.001650021,0.001683634,0.021666492,0.011551033,0.003333345,0.01320113,0.027210685,0.023333632,0.001666488,0.003367057,0.004999947,0.006733883,0.013201217
AGG,0.005050431,5.40E-15,5.40E-15,0.001666614,5.13E-15,0.001683596,0.001650116,0.055556392,1.70E-15,0.001683767,2.45E-15,0.001650182,0.004950438,0.00999991,4.32E-15,0.003366945,0.006600517,0.003366947,0.020407679,0.004901889,0.005154671,0.019801747,0.006535935,0.001700528,0.005101931,0.005263107,0.006733911,0.018333173,0.003236302,0.003300239,0.018518323,0.016501534,0.015463758,0.011784383,1.67E-15,0.009900832,1.64E-15,0.001650021,0.001683634,0.021666492,0.011551033,0.003333345,0.01320113,0.027210685,0.023333632,0.001666488,0.003367057,0.004999947,0.006733883,0.013201217
CGA,0.005050431,5.40E-15,5.40E-15,0.001666614,5.13E-15,0.001683596,0.001650116,0.055556392,1.70E-15,0.001683767,2.45E-15,0.001650182,0.004950438,0.00999991,4.32E-15,0.003366945,0.006600517,0.003366947,0.020407679,0.004901889,0.005154671,0.019801747,0.006535935,0.001700528,0.005101931,0.005263107,0.006733911,0.018333173,0.003236302,0.003300239,0.018518323,0.016501534,0.015463758,0.011784383,1.67E-15,0.009900832,1.64E-15,0.001650021,0.001683634,0.021666492,0.011551033,0.003333345,0.01320113,0.027210685,0.023333632,0.001666488,0.003367057,0.004999947,0.006733883,0.013201217
CGC,0.005050431,5.40E-15,5.40E-15,0.001666614,5.13E-15,0.001683596,0.001650116,0.055556392,1.70E-15,0.001683767,2.45E-15,0.001650182,0.004950438,0.00999991,4.32E-15,0.003366945,0.006600517,0.003366947,0.020407679,0.004901889,0.005154671,0.019801747,0.006535935,0.001700528,0.005101931,0.005263107,0.006733911,0.018333173,0.003236302,0.003300239,0.018518323,0.016501534,0.015463758,0.011784383,1.67E-15,0.009900832,1.64E-15,0.001650021,0.001683634,0.021666492,0.011551033,0.003333345,0.01320113,0.027210685,0.023333632,0.001666488,0.003367057,0.004999947,0.006733883,0.013201217
CGG,0.005050431,5.40E-15,5.40E-15,0.001666614,5.13E-15,0.001683596,0.001650116,0.055556392,1.70E-15,0.001683767,2.45E-15,0.001650182,0.004950438,0.00999991,4.32E-15,0.003366945,0.006600517,0.003366947,0.020407679,0.004901889,0.005154671,0.019801747,0.006535935,0.001700528,0.005101931,0.005263107,0.006733911,0.018333173,0.003236302,0.003300239,0.018518323,0.016501534,0.015463758,0.011784383,1.67E-15,0.009900832,1.64E-15,0.001650021,0.001683634,0.021666492,0.011551033,0.003333345,0.01320113,0.027210685,0.023333632,0.001666488,0.003367057,0.004999947,0.006733883,0.013201217
CGT,0.005050431,5.40E-15,5.40E-15,0.001666614,5.13E-15,0.001683596,0.001650116,0.055556392,1.70E-15,0.001683767,2.45E-15,0.001650182,0.004950438,0.00999991,4.32E-15,0.003366945,0.006600517,0.003366947,0.020407679,0.004901889,0.005154671,0.019801747,0.006535935,0.001700528,0.005101931,0.005263107,0.006733911,0.018333173,0.003236302,0.003300239,0.018518323,0.016501534,0.015463758,0.011784383,1.67E-15,0.009900832,1.64E-15,0.001650021,0.001683634,0.021666492,0.011551033,0.003333345,0.01320113,0.027210685,0.023333632,0.001666488,0.003367057,0.004999947,0.006733883,0.013201217
TCA,0.008417434,2.82E-15,2.88E-15,0.049999663,4.07E-15,0.010100941,0.057756745,0.004901975,0.01346789,0.005050491,0.001683441,0.008250759,0.003300322,0.011666565,2.13E-15,0.013468015,0.0214519,0.006733921,0.023809489,0.037583519,0.008591021,0.004950437,0.004901969,0.010203888,0.008503299,0.012280584,0.001683485,0.003333286,0.017799238,0.014851373,0.010100822,0.00990093,0.022336529,0.008417435,0.01190441,0.004950481,0.00333335,0.031352808,0.00505053,0.005000004,0.014851338,0.030001784,0.013201158,0.005102039,0.010000052,0.001666487,0.021885379,0.021666434,0.015151394,0.009900895
TCC,0.008417434,2.82E-15,2.88E-15,0.049999663,4.07E-15,0.010100941,0.057756745,0.004901975,0.01346789,0.005050491,0.001683441,0.008250759,0.003300322,0.011666565,2.13E-15,0.013468015,0.0214519,0.006733921,0.023809489,0.037583519,0.008591021,0.004950437,0.004901969,0.010203888,0.008503299,0.012280584,0.001683485,0.003333286,0.017799238,0.014851373,0.010100822,0.00990093,0.022336529,0.008417435,0.01190441,0.004950481,0.00333335,0.031352808,0.00505053,0.005000004,0.014851338,0.030001784,0.013201158,0.005102039,0.010000052,0.001666487,0.021885379,0.021666434,0.015151394,0.009900895
TCG,0.008417434,2.82E-15,2.88E-15,0.049999663,4.07E-15,0.010100941,0.057756745,0.004901975,0.01346789,0.005050491,0.001683441,0.008250759,0.003300322,0.011666565,2.13E-15,0.013468015,0.0214519,0.006733921,0.023809489,0.037583519,0.008591021,0.004950437,0.004901969,0.010203888,0.008503299,0.012280584,0.001683485,0.003333286,0.017799238,0.014851373,0.010100822,0.00990093,0.022336529,0.008417435,0.01190441,0.004950481,0.00333335,0.031352808,0.00505053,0.005000004,0.014851338,0.030001784,0.013201158,0.005102039,0.010000052,0.001666487,0.021885379,0.021666434,0.015151394,0.009900895
TCT,0.008417434,2.82E-15,2.88E-15,0.049999663,4.07E-15,0.010100941,0.057756745,0.004901975,0.01346789,0.005050491,0.001683441,0.008250759,0.003300322,0.011666565,2.13E-15,0.013468015,0.0214519,0.006733921,0.023809489,0.037583519,0.008591021,0.004950437,0.004901969,0.010203888,0.008503299,0.012280584,0.001683485,0.003333286,0.017799238,0.014851373,0.010100822,0.00990093,0.022336529,0.008417435,0.01190441,0.004950481,0.00333335,0.031352808,0.00505053,0.005000004,0.014851338,0.030001784,0.013201158,0.005102039,0.010000052,0.001666487,0.021885379,0.021666434,0.015151394,0.009900895
AGT,0.008417434,2.82E-15,2.88E-15,0.049999663,4.07E-15,0.010100941,0.057756745,0.004901975,0.01346789,0.005050491,0.001683441,0.008250759,0.003300322,0.011666565,2.13E-15,0.013468015,0.0214519,0.006733921,0.023809489,0.037583519,0.008591021,0.004950437,0.004901969,0.010203888,0.008503299,0.012280584,0.001683485,0.003333286,0.017799238,0.014851373,0.010100822,0.00990093,0.022336529,0.008417435,0.01190441,0.004950481,0.00333335,0.031352808,0.00505053,0.005000004,0.014851338,0.030001784,0.013201158,0.005102039,0.010000052,0.001666487,0.021885379,0.021666434,0.015151394,0.009900895
AGC,0.008417434,2.82E-15,2.88E-15,0.049999663,4.07E-15,0.010100941,0.057756745,0.004901975,0.01346789,0.005050491,0.001683441,0.008250759,0.003300322,0.011666565,2.13E-15,0.013468015,0.0214519,0.006733921,0.023809489,0.037583519,0.008591021,0.004950437,0.004901969,0.010203888,0.008503299,0.012280584,0.001683485,0.003333286,0.017799238,0.014851373,0.010100822,0.00990093,0.022336529,0.008417435,0.01190441,0.004950481,0.00333335,0.031352808,0.00505053,0.005000004,0.014851338,0.030001784,0.013201158,0.005102039,0.010000052,0.001666487,0.021885379,0.021666434,0.015151394,0.009900895
ACA,0.002525408,0.005050481,0.002550937,0.017499825,8.40E-15,0.005050497,0.084157808,0.007352855,0.002525194,0.005050521,0.005050312,0.044554103,0.002475306,0.00999991,0.002499795,0.010100866,0.034653091,0.015151268,0.01275493,0.024509488,0.012886687,0.009900895,0.022058722,0.007652899,0.007652976,0.010526216,0.010100957,0.007499904,0.009708753,0.022277059,0.012626104,0.007425734,0.041239882,0.01010092,0.030611082,0.009900905,0.009999954,0.022276959,0.005050526,0.027499809,0.014851306,0.017499794,0.014851445,0.012755059,0.007500181,0.007499808,0.022727147,0.014999798,0.030305013,0.012376142
ACC,0.002525408,0.005050481,0.002550937,0.017499825,8.40E-15,0.005050497,0.084157808,0.007352855,0.002525194,0.005050521,0.005050312,0.044554103,0.002475306,0.00999991,0.002499795,0.010100866,0.034653091,0.015151268,0.01275493,0.024509488,0.012886687,0.009900895,0.022058722,0.007652899,0.007652976,0.010526216,0.010100957,0.007499904,0.009708753,0.022277059,0.012626104,0.007425734,0.041239882,0.01010092,0.030611082,0.009900905,0.009999954,0.022276959,0.005050526,0.027499809,0.014851306,0.017499794,0.014851445,0.012755059,0.007500181,0.007499808,0.022727147,0.014999798,0.030305013,0.012376142
ACG,0.002525408,0.005050481,0.002550937,0.017499825,8.40E-15,0.005050497,0.084157808,0.007352855,0.002525194,0.005050521,0.005050312,0.044554103,0.002475306,0.00999991,0.002499795,0.010100866,0.034653091,0.015151268,0.01275493,0.024509488,0.012886687,0.009900895,0.022058722,0.007652899,0.007652976,0.010526216,0.010100957,0.007499904,0.009708753,0.022277059,0.012626104,0.007425734,0.041239882,0.01010092,0.030611082,0.009900905,0.009999954,0.022276959,0.005050526,0.027499809,0.014851306,0.017499794,0.014851445,0.012755059,0.007500181,0.007499808,0.022727147,0.014999798,0.030305013,0.012376142
ACT,0.002525408,0.005050481,0.002550937,0.017499825,8.40E-15,0.005050497,0.084157808,0.007352855,0.002525194,0.005050521,0.005050312,0.044554103,0.002475306,0.00999991,0.002499795,0.010100866,0.034653091,0.015151268,0.01275493,0.024509488,0.012886687,0.009900895,0.022058722,0.007652899,0.007652976,0.010526216,0.010100957,0.007499904,0.009708753,0.022277059,0.012626104,0.007425734,0.041239882,0.01010092,0.030611082,0.009900905,0.009999954,0.022276959,0.005050526,0.027499809,0.014851306,0.017499794,0.014851445,0.012755059,0.007500181,0.007499808,0.022727147,0.014999798,0.030305013,0.012376142
GTA,2.37E-15,1.87E-15,1.72E-15,2.46E-15,0.010204298,2.45E-15,1.49E-15,1.51E-15,1.50E-15,2.30E-15,1.67E-15,1.27E-15,0.007425719,1.71E-15,0.004999994,1.53E-15,1.27E-15,1.27E-15,1.64E-15,1.44E-15,1.22E-15,0.00247521,1.24E-15,1.40E-15,1.70E-15,1.60E-15,0.002525227,0.007499904,0.004854453,0.002475081,1.52E-15,1.35E-15,1.46E-15,1.23E-15,1.55E-15,1.37E-15,1.47E-15,0.002475008,0.02273164,1.31E-15,1.29E-15,1.41E-15,1.43E-15,1.45E-15,1.75E-15,0.004999813,1.65E-15,1.76E-15,0.002525238,0.004950435
GTC,2.37E-15,1.87E-15,1.72E-15,2.46E-15,0.010204298,2.45E-15,1.49E-15,1.51E-15,1.50E-15,2.30E-15,1.67E-15,1.27E-15,0.007425719,1.71E-15,0.004999994,1.53E-15,1.27E-15,1.27E-15,1.64E-15,1.44E-15,1.22E-15,0.00247521,1.24E-15,1.40E-15,1.70E-15,1.60E-15,0.002525227,0.007499904,0.004854453,0.002475081,1.52E-15,1.35E-15,1.46E-15,1.23E-15,1.55E-15,1.37E-15,1.47E-15,0.002475008,0.02273164,1.31E-15,1.29E-15,1.41E-15,1.43E-15,1.45E-15,1.75E-15,0.004999813,1.65E-15,1.76E-15,0.002525238,0.004950435
GTG,2.37E-15,1.87E-15,1.72E-15,2.46E-15,0.010204298,2.45E-15,1.49E-15,1.51E-15,1.50E-15,2.30E-15,1.67E-15,1.27E-15,0.007425719,1.71E-15,0.004999994,1.53E-15,1.27E-15,1.27E-15,1.64E-15,1.44E-15,1.22E-15,0.00247521,1.24E-15,1.40E-15,1.70E-15,1.60E-15,0.002525227,0.007499904,0.004854453,0.002475081,1.52E-15,1.35E-15,1.46E-15,1.23E-15,1.55E-15,1.37E-15,1.47E-15,0.002475008,0.02273164,1.31E-15,1.29E-15,1.41E-15,1.43E-15,1.45E-15,1.75E-15,0.004999813,1.65E-15,1.76E-15,0.002525238,0.004950435
GTT,2.37E-15,1.87E-15,1.72E-15,2.46E-15,0.010204298,2.45E-15,1.49E-15,1.51E-15,1.50E-15,2.30E-15,1.67E-15,1.27E-15,0.007425719,1.71E-15,0.004999994,1.53E-15,1.27E-15,1.27E-15,1.64E-15,1.44E-15,1.22E-15,0.00247521,1.24E-15,1.40E-15,1.70E-15,1.60E-15,0.002525227,0.007499904,0.004854453,0.002475081,1.52E-15,1.35E-15,1.46E-15,1.23E-15,1.55E-15,1.37E-15,1.47E-15,0.002475008,0.02273164,1.31E-15,1.29E-15,1.41E-15,1.43E-15,1.45E-15,1.75E-15,0.004999813,1.65E-15,1.76E-15,0.002525238,0.004950435
TGG,1.85E-15,0.434346007,0.204080139,0.029999691,0.010203014,2.08E-15,0.019801718,0.009803795,0.010100865,0.010101574,0.070705574,0.257429415,0.009901213,0.009999882,0.040000743,0.03030258,0.089107687,0.14141394,0.010203593,0.009803435,0.041237206,0.03960353,0.127450174,0.030611706,0.010203327,0.021052434,0.181816717,0.049999231,0.019417813,0.08910824,0.020201923,0.009901485,0.020618082,0.030302731,0.265315313,0.019802087,0.339998732,0.059405115,0.05049891,0.139999138,0.019801688,0.009999142,0.019801762,0.030612231,0.010002913,0.199998233,0.010102431,0.009999684,0.080807467,0.039603569
TAT,1.84E-15,8.40E-15,8.20E-15,1.98E-15,0.224493027,0.005050863,1.51E-15,0.004901899,2.07E-15,1.75E-15,0.005049106,0.004950547,0.168317717,1.74E-15,0.025000251,2.07E-15,0.004950003,0.0050503,0.005101785,0.004901716,0.015464013,0.004950343,0.004902334,1.95E-15,1.93E-15,1.90E-15,0.005050453,0.054999508,0.072814642,0.004950161,2.02E-15,0.019801914,1.91E-15,0.005050837,4.08E-15,1.95E-15,0.005000759,0.009900699,0.111110728,0.005000188,0.009900894,1.88E-15,2.00E-15,0.005102318,1.92E-15,0.039999224,1.74E-15,1.93E-15,0.030302963,0.024752298
TAC,1.84E-15,8.40E-15,8.20E-15,1.98E-15,0.224493027,0.005050863,1.51E-15,0.004901899,2.07E-15,1.75E-15,0.005049106,0.004950547,0.168317717,1.74E-15,0.025000251,2.07E-15,0.004950003,0.0050503,0.005101785,0.004901716,0.015464013,0.004950343,0.004902334,1.95E-15,1.93E-15,1.90E-15,0.005050453,0.054999508,0.072814642,0.004950161,2.02E-15,0.019801914,1.91E-15,0.005050837,4.08E-15,1.95E-15,0.005000759,0.009900699,0.111110728,0.005000188,0.009900894,1.88E-15,2.00E-15,0.005102318,1.92E-15,0.039999224,1.74E-15,1.93E-15,0.030302963,0.024752298